
            <resources>
                <color name="primaryColor">#aa55ff</color>
                <color name="primaryLightColor">#1d2bf6</color>
                <color name="secondaryColor">#1d0029</color>
                <color name="secondaryLightColor">#3b0024</color>
                <color name="secondaryDarkColor">#4f5b62</color>
                <color name="primaryTextColor">#000000</color>
                <color name="secondaryTextColor">#ffffff</color>
              </resources>
            