
            <resources>
                <color name="primaryColor">#00bcd4</color>
                <color name="primaryLightColor">#62efff</color>
                <color name="secondaryColor">#f5f5f5</color>
                <color name="secondaryLightColor">#e6e6e6</color>
                <color name="secondaryDarkColor">#ffffff</color>
                <color name="primaryTextColor">#3c3c3c</color>
                <color name="secondaryTextColor">#ff557f</color>
              </resources>
            